bedrooms,bathrooms,floor_area,land_size,subdivision,build_year,price
4,2,122.34195322173869,524.1584506583481,BF Homes,2008,19709684
5,1,418.085160853578,981.194444213639,Dasmarinas Village,2009,163074790
3,2,424.46038008098384,670.7279244661631,Loyola Grand Villas,2021,51248173
5,2,278.36048019237626,213.63826740805246,Bel-Air,2013,39921242
5,3,52.87364227257511,708.5598058678906,Bel-Air,2006,45169130
2,4,179.16715992871076,392.5936138885291,Ayala Alabang,1996,45275268
3,4,327.617113269084,717.6944770174877,Dasmarinas Village,1990,113912381
3,2,491.53378011234054,162.67703334616516,Loyola Grand Villas,2021,37067521
3,3,334.31608715750076,257.3932934583635,Loyola Grand Villas,2002,32381651
5,2,166.91161147887192,870.1635330152077,Forbes Park,1995,118255026
4,2,335.30256639482513,304.4616013211634,Ayala Alabang,2003,51948508
3,2,292.99342087213495,853.3370127186461,Ayala Alabang,2004,69240238
6,3,400.9304278180146,351.3484796089694,Loyola Grand Villas,1993,35958563
5,4,98.14128747213128,678.5937190528368,Loyola Grand Villas,2005,28459675
2,3,392.4625561259126,724.7355161588479,BF Homes,2017,27976372
4,1,293.5699604042496,561.3892778305476,BF Homes,2005,26245473
6,3,483.3464017365476,374.77960902705814,BF Homes,1993,28438640
6,3,203.84247471740875,291.3799387339865,Ayala Alabang,2015,51682741
2,3,334.6798519102767,129.8704191061836,Forbes Park,2017,79718033
4,3,469.4126474795079,373.55176111665145,Bel-Air,2021,49364897
5,4,96.12937759580566,687.8465114781548,BF Homes,1991,24167503
1,1,471.75281925640303,944.4743366036344,Forbes Park,2020,168214403
4,4,359.548575035366,884.0840340367469,Dasmarinas Village,1992,118534033
2,4,80.52667659732735,789.4582988817723,BF Homes,1997,23079900
6,3,185.4336051260673,809.6026089279688,Bel-Air,2013,53962769
5,2,368.6774398903767,698.4864131283957,Dasmarinas Village,2004,121040055
4,2,80.30777066094726,334.2581718094027,Dasmarinas Village,2020,47262536
1,4,311.976707079323,916.4755276352469,Bel-Air,1998,54999387
1,4,205.64737562883053,703.6590807152506,BF Homes,1991,23570915
3,3,329.4119829953647,604.396567882396,Ayala Alabang,1997,69178265
3,4,70.58391521563078,199.89052229213297,Bel-Air,1996,23563794
2,3,442.1915627685693,502.3499894257829,Bel-Air,2005,54440808
4,2,488.0700361298286,514.3224440817337,Bel-Air,2019,64697330
4,2,485.99503487856117,878.1072485704029,Dasmarinas Village,1999,149502004
6,1,387.3433242843161,591.9833981690097,Forbes Park,2007,128421132
6,2,108.53880805878438,442.36049407336867,Ayala Alabang,1994,47322883
6,4,391.2184381680602,979.1202956595934,BF Homes,2018,36524660
3,2,61.06411240646068,199.6485339936841,BF Homes,2023,11967123
4,3,59.95559818804877,480.29358548075015,Forbes Park,2012,61339147
4,2,195.62459861729357,137.82220765426476,Bel-Air,1994,32868200
1,1,269.8894356820996,765.9137086902373,Ayala Alabang,2019,75093293
3,2,396.68333801350695,926.2688969792356,BF Homes,1995,37598623
5,3,357.48291947292734,352.0335965954405,Loyola Grand Villas,1993,37748679
3,3,250.65621786953676,872.5075091192087,BF Homes,2018,28423405
5,4,173.13199982674965,362.996407415708,Bel-Air,2012,45079399
1,2,498.70602507097004,919.6931454795237,Loyola Grand Villas,1995,49182240
2,3,241.78158600618784,778.5657132371056,Forbes Park,2021,103084760
4,1,253.12416094835396,824.4160991572948,Ayala Alabang,2007,69886477
1,4,123.63071953625114,116.20590004040905,Forbes Park,2004,51423560
4,1,407.66429693746824,966.5293213666233,Forbes Park,2021,161031033
6,2,362.1570016016699,754.003892863291,Ayala Alabang,1998,75258131
2,2,149.34632575494217,374.27598584751996,Ayala Alabang,1999,39808733
2,2,87.07147052712921,846.4551983729623,BF Homes,2009,21296820
1,4,356.2246859336209,353.3690785734369,BF Homes,1995,21947874
2,3,344.53004642651086,885.4784556095152,Ayala Alabang,1992,90635382
5,4,172.9667871491942,201.32235137074332,Loyola Grand Villas,2000,21601626
2,1,477.88860301268465,733.3173797147161,Dasmarinas Village,2006,149595259
4,4,117.9760513014051,586.6286289804193,BF Homes,2021,22789582
4,1,244.55066046917085,186.88102317589673,Dasmarinas Village,1993,72067097
4,4,474.6271640754195,317.7044454329551,Loyola Grand Villas,1993,41550957
4,3,238.87729261675503,111.1636326495833,Ayala Alabang,2006,40583544
5,1,337.3366764488385,521.8911689180552,Loyola Grand Villas,2008,35078880
3,2,228.91747908325743,371.1387346840003,BF Homes,1994,18800516
6,2,173.3968410569015,638.5217358679829,Forbes Park,2021,106928932
1,4,492.7899415819227,367.5140269377555,Ayala Alabang,2011,81319483
4,2,234.20030284176937,369.9272003562862,Bel-Air,1995,38183461
2,1,452.3446416556105,768.873878858443,Dasmarinas Village,2011,123143780
4,2,153.47957265098879,143.3285523805181,Loyola Grand Villas,1990,20128546
2,3,145.8971168112875,912.6054956727885,Ayala Alabang,2009,56700017
6,3,64.01033729803011,867.0374869520633,Loyola Grand Villas,2011,39703335
6,4,343.2500714191483,701.0242149037658,Ayala Alabang,2000,75171480
6,1,215.8368546756925,633.8994130966458,BF Homes,2002,25041283
2,3,438.9612124278367,903.072248325687,BF Homes,1992,35077536
4,3,262.9444580112007,266.797161575843,BF Homes,1998,18557962
6,1,485.68704256162476,171.07224597174576,Loyola Grand Villas,2001,40357599
5,2,133.4864820664045,315.5591529185843,Bel-Air,2012,33849054
2,2,440.88042558002485,815.1204508301712,BF Homes,2003,33567423
2,4,399.4685837562838,131.20324005383497,Ayala Alabang,2022,50489384
4,2,396.9148300898234,624.5261515751407,BF Homes,2007,32042541
2,1,430.15245265259944,995.893764572179,Forbes Park,1998,181464185
2,3,392.4607959243495,870.1264844537855,BF Homes,2012,34953068
6,2,331.7991447341369,569.3011201392305,Loyola Grand Villas,1999,47688277
4,4,109.0601949570744,157.2768183579781,Bel-Air,2008,23313036
6,2,64.63678077106336,848.2361629471388,Forbes Park,1994,102911561
6,1,464.3815315170591,639.0806573594895,Loyola Grand Villas,2012,46179535
4,4,327.4926415343321,203.43969735361014,Loyola Grand Villas,2019,27731933
1,2,408.44178093927934,184.47155634102057,Loyola Grand Villas,2014,30205010
6,4,266.6850581806475,918.6641374929332,Ayala Alabang,2017,93946528
5,1,102.78868503307751,702.2802366442706,Loyola Grand Villas,2023,36301662
5,3,106.33360649114769,846.3581193850799,Ayala Alabang,2014,65407874
2,1,358.5043792530371,891.0810102540406,Loyola Grand Villas,1999,41793255
5,1,243.6376527047582,614.59511684349,Dasmarinas Village,2003,94092425
2,1,140.2361270151515,565.7017165795371,Forbes Park,2019,82375533
1,1,271.2175460336466,487.3846692888912,Dasmarinas Village,2014,83554211
4,3,78.89402168381034,385.25192901200734,Loyola Grand Villas,2003,19152468
4,3,311.8871308614795,491.1363647728406,Forbes Park,2023,98492332
4,4,171.04703199579396,796.4916901571407,Forbes Park,1999,110680144
5,2,408.9015952867347,641.7310879136185,Bel-Air,2000,71101562
1,3,189.6628815156082,903.2709609593614,Dasmarinas Village,2000,79502165
5,3,254.84906708681055,499.042012941269,Bel-Air,2010,50495609
5,2,55.22924295864529,646.3806208468786,Forbes Park,2010,83439694
1,3,82.6010995075515,668.1767977827899,Ayala Alabang,2011,51754878
1,1,226.62210038300816,632.527446075693,Forbes Park,1996,102045012
1,1,265.9724756227056,732.3703957769648,Bel-Air,2006,57581702
1,2,320.00924665368666,313.69012153732564,Dasmarinas Village,1991,72059770
4,4,181.24816041918646,561.1273997912116,Loyola Grand Villas,2001,27753805
3,4,362.74184875694414,193.8023225275129,Loyola Grand Villas,2007,31972614
3,2,437.05507873514205,446.0601948803313,Dasmarinas Village,2000,118335200
1,2,400.9329450020074,538.9003617591379,Loyola Grand Villas,2005,47602637
3,1,67.82847140676071,687.0018335909252,Loyola Grand Villas,2007,31116059
3,4,266.228126266023,955.4779473275831,Bel-Air,2015,70447623
1,3,97.21858028817869,640.5859598935203,Dasmarinas Village,2005,74384712
3,1,158.92025713813734,769.2345245589038,BF Homes,1995,22785583
5,2,493.9981669702159,555.6394535456825,Ayala Alabang,2001,83661172
2,4,114.12299430568095,670.6936282386981,Ayala Alabang,2002,61907077
2,3,274.4996690531102,163.83899452039608,Loyola Grand Villas,1993,23790852
1,3,328.1700804431536,328.95242275766225,Ayala Alabang,1991,63344873
4,1,366.1092367448468,425.66778388462484,Dasmarinas Village,2015,94367312
1,4,301.84190756911136,525.2440195058623,Dasmarinas Village,2016,105159614
4,4,54.396881338632646,141.08387095214536,Forbes Park,2016,38446616
2,2,196.90758870979636,226.02168779798592,Forbes Park,2004,68266130
1,4,282.97023952312014,349.1328770121752,Ayala Alabang,1997,48426591
6,4,89.53992461517501,974.3794218109456,BF Homes,1996,24210892
5,1,207.78211904413135,398.2123063927457,Forbes Park,2001,86891506
3,4,64.94139895611495,533.8369523008743,Forbes Park,2002,80676287
4,3,85.36032371975934,276.4879414645536,Dasmarinas Village,2006,47822894
6,1,228.61547429071823,649.7020639681914,BF Homes,2006,22344661
3,1,109.72208931937716,352.61489396437685,Loyola Grand Villas,2010,22080913
3,2,305.3933817177012,286.2933205945841,Ayala Alabang,1997,52208094
1,4,360.2592361117696,564.9153656013812,Forbes Park,1994,121208143
3,2,410.2640145990873,104.95521924437874,BF Homes,2015,23627799
5,3,140.06760991016455,106.89762938430279,BF Homes,2005,13366698
6,1,125.36716201658139,297.161928191672,Ayala Alabang,2017,48080386
3,1,97.05552815048011,133.04922625073903,BF Homes,2018,10683185
1,1,336.3936122946365,197.22317871762223,BF Homes,2001,18361277
5,3,367.9140769191055,404.97458440487645,BF Homes,2019,22660888
2,3,64.21376517153891,822.3271116218316,Forbes Park,2012,88421476
6,2,471.2955108096604,614.8437790323708,Ayala Alabang,2005,83961882
3,2,73.38707764316258,561.4009533607748,BF Homes,2003,19363737
1,2,293.5833508854817,364.1399408873095,BF Homes,1999,21807498
2,4,369.0772337529124,938.5783474895347,Forbes Park,1996,129447134
2,1,441.93610568573854,457.3135371134725,Ayala Alabang,2018,71463503
4,1,371.3391194595925,178.38349011619434,Dasmarinas Village,1992,86996100
5,2,410.7776373814063,655.3598645060212,Forbes Park,2004,157090910
3,1,202.75258664426272,202.45455412894125,Ayala Alabang,2008,42197992
1,2,416.67130118593053,410.70082852152285,BF Homes,2002,28099564
4,4,86.0516808731038,556.670744846028,Ayala Alabang,2010,48685619
5,4,452.66749522723745,886.8002722166582,Ayala Alabang,2016,101541684
4,3,296.4165692691813,544.1919223061068,Loyola Grand Villas,2018,44457679
6,4,417.78399648312217,732.0328894284978,Ayala Alabang,2009,77261390
5,2,253.54322803323507,993.5351550991634,Dasmarinas Village,2014,119900456
5,4,339.6099628384362,218.34020790818346,Ayala Alabang,1995,53048692
3,3,286.88119742125093,347.25837296756754,Dasmarinas Village,1991,85076778
5,1,379.21528478989933,455.11846803788177,BF Homes,2011,30999773
4,2,86.7334919137653,479.64536068494823,Dasmarinas Village,2021,60917580
5,1,77.15843779575371,469.91896773899117,BF Homes,2005,12933625
3,3,161.19645530456592,916.8499023008994,BF Homes,2007,26449203
3,3,121.79510605093475,742.6293800201707,Dasmarinas Village,1994,94259478
6,3,442.3026049664908,647.1146926816334,Forbes Park,2019,152141239
4,1,148.64629431111996,378.43544607650387,Bel-Air,2008,37635116
2,1,489.1393651186091,841.4113457991652,Ayala Alabang,2012,89216105
2,1,201.60310629699808,959.55446033649,Loyola Grand Villas,2023,37268659
5,1,131.95306205991466,839.0784542952039,Bel-Air,2002,56111631
6,3,405.36432821411563,101.40859467232562,Ayala Alabang,2018,53845089
1,3,346.41849897539424,672.7612331650663,Ayala Alabang,2011,87301392
5,2,274.18807240391254,146.02184329789065,BF Homes,1998,19681400
6,2,299.91359792193407,331.8464983003497,Ayala Alabang,2008,55315440
4,1,373.64080022251875,153.57223031299452,Loyola Grand Villas,1995,30102765
4,4,152.8046335990844,643.4159076544489,Ayala Alabang,2004,57764211
4,4,498.35026222553387,717.9309221433462,Dasmarinas Village,2009,135805249
4,3,488.65692296605243,203.0388742593146,Bel-Air,1998,62824815
4,3,342.6465588561216,445.45499474048154,Dasmarinas Village,2021,100209375
6,3,139.7941029181153,510.61285805998784,Loyola Grand Villas,1993,29617468
6,2,356.1027090940811,432.1477195848249,Ayala Alabang,2007,81206824
3,2,82.48928404062913,208.92250043667374,Loyola Grand Villas,1994,17561496
2,3,63.79362599261273,477.0530111687279,BF Homes,2009,16760110
4,3,165.95729983004617,776.0602430275763,Dasmarinas Village,2012,90948339
1,3,258.1803305326923,163.90689807992993,Dasmarinas Village,2000,63440983
6,4,440.7226274337712,172.1620126737131,Forbes Park,2011,113443394
1,2,377.2260813948386,419.2941626523858,Ayala Alabang,1993,50380350
1,4,384.21793453999146,947.5531404570326,BF Homes,2018,42447326
1,4,241.47200050163391,701.7153820506227,Dasmarinas Village,2023,109084006
3,3,205.67074664613332,710.8029610053084,Dasmarinas Village,2002,91749757
6,3,216.9674433430712,425.72799175407846,BF Homes,1998,20067880
1,1,494.442303681226,634.2947120876846,Loyola Grand Villas,2020,50564230
4,1,68.04913613561712,109.11806562496903,Loyola Grand Villas,1996,14485346
5,4,440.16417325510184,672.486441768588,Ayala Alabang,1993,90070155
1,2,310.40393385757704,921.9582528186131,Forbes Park,2008,133721097
3,3,247.3769386353157,651.3161215103372,Dasmarinas Village,2019,102078348
6,3,376.3659471868114,886.3287341197106,Forbes Park,2020,174490762
3,4,269.00102364111626,751.5757499194845,Loyola Grand Villas,2010,45737271
1,1,443.04045713674725,208.5025747633212,Loyola Grand Villas,2020,30962601
6,2,455.31583880506633,912.2079765572576,Bel-Air,2008,93578076
5,1,239.77441709305495,159.7994599201974,Ayala Alabang,2020,50253316
1,1,174.5725087557732,580.5707252929874,Bel-Air,2021,55060217
3,1,316.55764786701303,227.9234114141119,Bel-Air,1991,37093987
2,1,460.5635055275109,110.53594965781366,Bel-Air,1999,48077385
4,3,144.79798505254996,479.83083411487513,Ayala Alabang,1991,39054419
3,3,330.33496260356725,365.53663688874065,Ayala Alabang,1991,62663856
6,1,334.20209904163426,537.4004444178427,BF Homes,2013,26525987
1,2,379.90086008687643,619.4798980610957,Forbes Park,2006,141824763
4,4,109.20545830726691,139.36516507805263,Forbes Park,2021,48740666
1,2,372.1212341069399,210.70296561137107,BF Homes,2005,17377101
6,2,459.06463429953845,602.7781568053829,BF Homes,2005,32489497
1,2,130.85739899160887,408.8506178553924,Loyola Grand Villas,2020,19006270
2,1,156.89449621574494,756.2561387945032,Bel-Air,2013,52010263
4,3,487.1277923187378,687.0624837327457,BF Homes,1990,28394088
4,2,131.4396287192704,861.0439266909161,Dasmarinas Village,2000,96839615
6,1,434.4732920163106,723.2435440023028,Forbes Park,2010,115596022
2,2,271.5250354016157,486.9379696511333,BF Homes,1993,22127590
3,2,161.25398348142966,705.6699601549891,Dasmarinas Village,1996,102289417
1,1,441.8374555726301,347.8430568298767,Dasmarinas Village,2015,99179853
5,3,250.38736475119947,375.6821489003914,Dasmarinas Village,2001,76254049
1,3,281.6678092683606,810.086643928714,Loyola Grand Villas,2020,43067594
1,4,211.65501622989456,501.77756476142395,Loyola Grand Villas,2006,31694365
3,1,316.82788314571735,818.5423064665173,Dasmarinas Village,2022,120564449
1,4,123.58574266326025,840.1801363014506,Loyola Grand Villas,2000,31095275
2,4,225.9866914932923,871.8061038951554,Bel-Air,2017,63705532
2,4,486.2355450508794,924.9717122570866,Dasmarinas Village,2021,107228947
4,3,166.1600447155074,487.8866984619666,Bel-Air,1990,40298762
6,1,345.5314990435815,386.98013648902497,Bel-Air,2017,51055728
5,4,196.3355289011127,623.9788719347025,Dasmarinas Village,1996,100244487
1,1,398.06290655897027,434.0551810938648,Forbes Park,1991,106504058
1,1,108.89314732325742,640.9667501202097,Dasmarinas Village,2013,60647358
3,3,486.41947028534514,735.0272763794421,Dasmarinas Village,1993,121775586
6,4,254.20529362263767,719.5645166429232,Loyola Grand Villas,2008,45195784
2,4,156.22270850590877,437.0975983181092,Dasmarinas Village,2015,68944681
5,1,83.0735362985057,250.17418152887754,Forbes Park,2000,52025933
4,2,126.39105728939333,487.4764046159868,Loyola Grand Villas,2000,26907808
2,3,283.89827685020794,228.33472967371787,Ayala Alabang,1992,50834509
6,3,201.65142939407883,901.0873316654275,Ayala Alabang,2001,72442513
4,3,422.9975146471743,411.28971466407165,Bel-Air,1992,58874931
3,3,243.89938564781266,239.0137725009914,Bel-Air,2016,46556664
3,4,161.92142266443346,122.90298391517578,Forbes Park,1991,48890100
1,4,327.71524397181355,681.2401476578358,BF Homes,2005,23222306
6,2,368.0497475984506,673.2120857092689,Ayala Alabang,1991,86504900
5,3,125.16885855542743,406.5437499231625,Bel-Air,2019,35545181
4,3,125.42864732974294,164.54069996288592,Ayala Alabang,2009,32330222
2,1,66.50214212009433,468.6660054057088,Forbes Park,2017,56811374
6,4,381.38090677953824,380.0957455570542,Forbes Park,2014,113682077
6,3,348.7120374298123,709.4085757615085,BF Homes,2021,37582728
3,2,263.58389408741624,645.2013245074213,BF Homes,1999,28109994
1,2,429.8767020361387,428.134355377786,Loyola Grand Villas,2022,43832297
1,4,412.5515688275239,296.1032988294911,Forbes Park,2002,88061341
4,2,313.40946397853844,989.2323695400327,Bel-Air,2005,63801883
3,2,440.72207623096637,508.6014590765034,Ayala Alabang,2011,53600966
6,4,142.62854451654573,719.4468122022133,Dasmarinas Village,2009,87970321
5,3,100.36382872897755,226.49767082052472,BF Homes,2016,15525709
3,3,171.38732518264533,537.0307296934579,Dasmarinas Village,2005,83280400
4,2,75.68908524019169,124.78304788251894,Bel-Air,2023,21371905
4,2,289.0262876004644,554.909606119405,BF Homes,2021,25855531
3,3,471.4725615327327,967.6156664059321,Dasmarinas Village,2015,138514795
4,4,67.70459330082934,445.7860416872202,Bel-Air,2014,35507275
3,2,104.94946130451206,135.09641131742043,Ayala Alabang,1991,29955830
2,1,253.4895627275459,127.86021182740917,Bel-Air,2001,26876511
3,4,470.2437578875572,449.1880839521825,Loyola Grand Villas,1998,47359058
3,2,192.27024723953772,244.02244281687464,BF Homes,2001,17747860
4,2,278.25566390977656,121.01688669536732,Forbes Park,2015,70750569
4,1,68.70778657267644,780.5922525551591,Ayala Alabang,1998,58008874
1,1,116.75444043293999,512.6707079937016,Dasmarinas Village,1999,80690191
1,3,493.9835553314811,360.3202947753891,BF Homes,2021,28053370
2,4,484.3034133962205,910.0748647148326,Forbes Park,2023,168268812
1,4,52.22299142048433,204.52506418047307,Bel-Air,2009,19298567
3,3,478.3153034404575,960.3269460597872,Forbes Park,1991,168776449
4,4,337.60397201697515,382.57004563961755,BF Homes,1990,26443570
1,4,440.56323253400996,899.5633050778131,BF Homes,2013,37203442
1,4,254.63293503523659,642.6485888315154,Loyola Grand Villas,2016,33911148
2,4,282.01821286066263,844.0366237673387,Loyola Grand Villas,1991,46518527
6,4,269.9809611156141,985.6118468894178,Forbes Park,2020,166680998
2,1,350.08891589574694,359.5648940368711,Bel-Air,2003,50143371
3,4,112.8430646403408,965.0219368668337,Forbes Park,1991,123654619
4,1,63.48811544270508,450.53370541217834,BF Homes,2018,15186502
2,4,188.56847371603592,446.9607142632301,BF Homes,2004,21364091
1,3,367.106343231491,406.3483938290551,Dasmarinas Village,2001,94865176
4,2,140.83405345532677,587.2668466128266,Loyola Grand Villas,2017,28722934
4,1,353.04459499621277,238.73053886063838,Dasmarinas Village,2009,85773048
1,4,486.4604207482717,598.34033682221,Ayala Alabang,2013,73694004
2,3,92.25532210523826,587.5343311690036,BF Homes,2010,17401119
1,2,352.6709532013068,785.711631344383,Dasmarinas Village,1999,116765742
6,1,249.687598687057,850.284965743827,Forbes Park,2003,131521050
4,2,440.66401446987743,496.3972152811816,Loyola Grand Villas,2007,40070121
5,3,129.71740525132367,372.0999244163444,Loyola Grand Villas,2013,29593109
5,1,361.68167850177406,333.401407585385,Bel-Air,2003,54581871
3,2,427.1518803416496,275.16145303438475,Forbes Park,2023,97795450
1,4,475.07639876331046,151.8828239791224,Bel-Air,2001,42799795
1,1,357.4616127303406,408.203180951242,Dasmarinas Village,2011,87129916
3,2,273.7286438037923,343.2229229177049,Ayala Alabang,1995,50044729
3,3,328.0312580905462,969.7756472797666,Forbes Park,2011,145566381
3,3,441.0072430154232,601.9379436250395,Forbes Park,2003,128456216
4,1,306.77438598747335,412.5493351274568,Forbes Park,2005,78692468
6,2,63.67417686357659,622.4208408943264,Bel-Air,2014,40480769
1,1,468.92691297814,225.27703121112597,Dasmarinas Village,2021,88326796
4,1,360.2870379642025,499.6393742819826,Forbes Park,2022,120177392
3,2,354.4310235997609,663.6108892789574,Forbes Park,2009,114817209
1,2,147.0538185789727,540.0080486132063,Loyola Grand Villas,2007,32818387
4,4,346.49846160469576,461.6009205888918,Ayala Alabang,1992,54642451
6,2,227.2389825443713,994.4635500097284,Loyola Grand Villas,2012,55652551
4,3,343.05483966867143,892.2832859340343,Loyola Grand Villas,2021,50282789
6,1,97.96686363859583,661.0653623434961,Ayala Alabang,2005,59146684
3,1,346.0303870713662,612.4396250640544,Dasmarinas Village,1994,105992919
6,3,499.73617659679996,658.5944318421257,Loyola Grand Villas,1993,61699550
1,2,71.69541748725021,281.18089704018996,Dasmarinas Village,2010,40958097
3,3,489.72838289959276,455.62396893788673,Loyola Grand Villas,2003,41540228
1,3,233.10858232529176,135.5135796018094,BF Homes,2020,17029289
5,4,441.8390526517666,527.991433738144,Ayala Alabang,2003,79710190
2,3,402.07346782622307,588.7221255618969,Loyola Grand Villas,1995,45616223
6,1,305.1573174440005,304.97476249288866,BF Homes,2001,25654790
2,3,382.30214416309695,967.6259624489624,Bel-Air,2005,66999037
2,1,445.3320025856066,918.5091498435178,BF Homes,2006,38700154
6,1,231.86314474296483,749.9289119103153,Forbes Park,2012,110591452
3,1,197.16492270345742,580.0479658888263,Loyola Grand Villas,2003,32710083
5,2,350.4170235036131,882.9722436829164,BF Homes,1996,34878804
1,4,413.53067387356634,217.58710944111664,Dasmarinas Village,2021,74087271
4,1,393.0283106494771,811.4588148473965,Bel-Air,2004,65153813
1,1,409.0161419863855,212.33873257016347,Loyola Grand Villas,2006,37299645
4,2,246.01249166581985,814.7895962944649,Forbes Park,2023,131734989
1,1,418.0253972787597,348.1908114262212,BF Homes,1994,24521777
6,3,104.09407491677379,889.38152291637,Bel-Air,2016,57268138
5,3,295.0200940823823,949.6378844428581,Loyola Grand Villas,2012,49782099
4,4,52.591397224154704,233.91637246460408,Bel-Air,2003,29204838
3,1,196.06362345512164,516.4080445588542,Forbes Park,2004,85394271
1,2,214.90769069212905,982.8886403464167,BF Homes,2022,29824461
1,3,228.27771122416493,535.066692375832,Bel-Air,2020,50921563
4,2,362.960243010438,877.1927702630907,Bel-Air,2006,66049465
3,2,224.8511455716556,629.8583699181879,Ayala Alabang,2017,70370174
3,3,251.9121301801388,437.7969171276417,Bel-Air,2008,39223105
6,2,156.89485889344735,357.2051999732832,Ayala Alabang,2012,54653237
6,3,217.96330623320304,282.9007819774786,BF Homes,2021,19272837
6,2,152.27133226841818,785.6183722399275,Loyola Grand Villas,2002,38555339
6,3,82.93816569579964,447.8864561407251,Loyola Grand Villas,2009,22052356
6,1,321.55186702162007,560.1479159806761,BF Homes,1994,26744261
6,4,350.69575934975734,543.0929320010637,BF Homes,1998,26737862
5,3,328.77065570432654,619.5511263098181,Dasmarinas Village,2018,103789020
3,3,258.57231971025755,879.019431062097,BF Homes,1995,29993377
6,4,220.90360108065343,982.6654092250865,Bel-Air,2014,75518604
3,3,438.50014230732137,466.82578771643523,Loyola Grand Villas,2020,45120979
3,3,283.5868033112981,844.7670298956727,Forbes Park,2011,131830595
2,2,265.63184493337894,788.0750151892458,Loyola Grand Villas,1991,37489773
5,4,61.538929612896055,616.176056310016,Ayala Alabang,1994,45930382
6,1,203.56152243177036,960.4424292507398,Loyola Grand Villas,2016,54821911
1,3,221.08802845363567,280.42706397556253,Dasmarinas Village,2014,59364857
4,4,229.47025140360523,198.33778927865927,BF Homes,1997,21063944
1,2,311.07756615229954,868.56577025988,BF Homes,1990,29810351
5,1,290.1211460270953,495.23483497037347,Loyola Grand Villas,2009,37686502
4,4,323.55729175705005,862.2719687863545,Forbes Park,2012,154103901
5,1,394.1974676939577,903.7811846758734,Forbes Park,2021,170107745
3,1,415.84358242224204,156.2118342571643,Dasmarinas Village,2000,82854759
4,1,373.1553843019225,895.1182866874547,Ayala Alabang,2013,83395743
3,3,479.98566317972063,503.48714983248,Loyola Grand Villas,2000,47168129
1,3,58.204662204362734,559.389240103809,BF Homes,2018,16793365
1,2,138.10009355759576,663.9332599838892,Loyola Grand Villas,2015,33723400
4,2,53.40329374016395,933.7443460570781,Dasmarinas Village,2005,90975653
4,4,341.3636213695714,117.20448498678763,Bel-Air,2009,45658492
6,2,454.1137470274941,529.1591214860354,Bel-Air,1992,79026788
5,1,159.56703345933465,718.9498381875046,Dasmarinas Village,1990,95166154
6,1,467.165545158338,750.4362619284057,BF Homes,1990,37829136
5,3,77.12032563030237,723.2791883833971,Dasmarinas Village,2006,70844733
6,1,470.49621206248145,220.99161646730965,BF Homes,1991,20100208
3,4,208.2302092578355,369.4560295345131,Forbes Park,2018,85645648
4,1,95.63937280214743,422.8439728753121,Dasmarinas Village,2009,60226721
1,1,268.6422916338465,823.9934869115544,BF Homes,1995,26428666
5,4,165.54945547422858,350.8838851730977,Dasmarinas Village,1997,73429556
5,2,178.1928058828653,289.63446748048284,Dasmarinas Village,2018,66154330
1,2,188.28048421682897,961.7032171342865,BF Homes,2022,30944971
6,4,411.36165402469857,107.97695660212202,BF Homes,1992,24400929
5,3,292.6225745038645,998.0387701137804,Ayala Alabang,1994,80916098
3,1,190.08846462020165,709.1391689716561,Dasmarinas Village,2016,99602598
4,4,324.6502024899133,845.6223695042054,Bel-Air,2001,67560105
1,1,372.2678034004371,365.15745671157384,Dasmarinas Village,2009,92111703
4,3,172.6808003300902,112.88374990035398,Dasmarinas Village,2009,50452164
5,1,236.09709568640818,764.0825667053771,BF Homes,1998,26192622
5,4,104.84874200162639,850.7301373006082,Dasmarinas Village,1993,98047222
1,1,131.51720729060614,766.4285187581672,Loyola Grand Villas,2008,32877622
3,2,356.5030342842423,228.56525857075474,Dasmarinas Village,2016,85940937
2,3,131.64725646303214,778.0851300312722,Loyola Grand Villas,2002,34193303
1,3,286.3235226501771,792.0305038968769,Bel-Air,2002,48716856
2,3,369.0708177750947,692.6864641030494,BF Homes,2011,29117762
6,4,98.09461539263472,789.5043395160276,Dasmarinas Village,2017,101930686
2,3,305.2904988330066,861.329295709959,Loyola Grand Villas,2011,45371000
3,2,165.4532526656137,652.2437028137126,Loyola Grand Villas,2008,33089198
6,4,483.3170938569109,179.74424257271116,Loyola Grand Villas,1997,46266067
2,2,267.5955410239661,538.8650287004898,Forbes Park,1997,91537412
6,1,412.69664739882114,169.88440120444454,Ayala Alabang,2015,51324609
2,1,297.6019439703178,466.78872792918776,Bel-Air,2015,47302493
3,1,69.53563978466863,466.39584021306484,Dasmarinas Village,2012,55162321
2,1,334.91811901731006,159.40885972621743,Forbes Park,2002,71089663
2,2,478.13150399299565,413.9384805725314,Dasmarinas Village,2017,106782436
2,4,320.725319065849,199.89828891218335,Dasmarinas Village,1998,79411310
1,4,418.6349867420556,827.4116890083,BF Homes,2009,34372313
1,3,447.8929085067835,952.9192233680237,BF Homes,2008,38503470
1,2,152.6358973770196,165.08482773214473,BF Homes,2001,14396313
3,1,145.42017795870197,959.6036865625313,Forbes Park,2004,108916202
6,2,324.9414449829463,570.3189394030707,Dasmarinas Village,2020,110557642
5,3,234.9628114130171,369.6091101584865,Ayala Alabang,2003,51230376
2,3,427.93758629002417,169.17586774854715,Bel-Air,2000,44110856
2,2,455.010405529105,550.561841263376,BF Homes,2015,28820056
3,2,209.03962068622315,815.0639900416738,BF Homes,2016,25818348
2,2,156.59175153851692,736.3778295400283,Dasmarinas Village,2000,90174461
1,4,401.2364818597378,145.20341031757638,Dasmarinas Village,2023,99555970
5,1,173.66271599666123,165.61165183111316,Forbes Park,2008,57997137
4,2,420.17644333115527,462.5859543693734,Forbes Park,1995,115690895
2,2,240.68221414194326,365.76144464314893,BF Homes,2017,19444744
1,2,350.3974546811617,309.1458907504431,Dasmarinas Village,1990,85371343
4,3,92.99089122560068,352.9040490178422,Ayala Alabang,1997,39976389
5,3,330.73669610445785,823.1344689671962,Bel-Air,1996,78055244
4,4,253.2954554317531,936.3052482686685,Dasmarinas Village,2000,91485768
1,1,313.97380842896337,464.5924250748098,Dasmarinas Village,1993,65736160
6,4,125.60639348518853,915.4999019192473,Loyola Grand Villas,2014,40545764
6,1,381.59318522488195,389.34613112309376,Forbes Park,2001,125332839
4,3,438.25868489445287,528.7932877094124,Bel-Air,2015,54780398
3,3,147.53291004084906,303.42609803439973,BF Homes,2001,11224746
4,3,93.07154998407277,676.4284379582596,Dasmarinas Village,2013,84858640
2,4,60.63736372085138,981.083003657328,BF Homes,2005,25488717
2,2,338.8871751994697,643.1437864390408,Dasmarinas Village,2002,93875323
6,2,323.19231623995137,422.03267570219396,BF Homes,2014,23393887
3,3,296.0138357213315,683.0357013914755,Bel-Air,1993,53111340
1,2,154.37619325218895,210.62861061884882,Forbes Park,2000,55055479
2,2,225.9076981574816,899.7931722388588,Bel-Air,2021,55947138
6,4,317.5143508337779,552.7755557018527,Loyola Grand Villas,1996,45366588
5,1,273.54508648662625,504.4147678356779,Ayala Alabang,2000,44099616
6,3,494.5034840966993,627.2783096081673,Forbes Park,2017,137806804
2,3,111.39788865052991,662.3054765104622,Bel-Air,2012,38105875
2,4,362.8150493214172,164.59822560386172,Loyola Grand Villas,2012,30786226
6,4,231.94344564693145,714.3554991010622,Ayala Alabang,2017,67767360
1,2,242.68982671652665,317.73851228397666,Loyola Grand Villas,2015,29439446
4,3,372.9189945461793,742.5573692559308,Dasmarinas Village,2014,99736708
2,1,361.59626809596637,840.281314945777,Dasmarinas Village,2018,120932131
6,4,496.0651971659847,823.5626567972682,BF Homes,2008,42362658
6,1,107.77743025435635,597.2508706671002,Forbes Park,2022,103698748
3,1,96.84934222287485,568.152903079676,Dasmarinas Village,2003,65223681
4,3,375.9524677079335,228.58836520547055,Loyola Grand Villas,2003,36438441
5,3,310.27411265288407,797.811535362822,Forbes Park,2019,109317604
1,4,173.37229995191262,344.2684424020429,Dasmarinas Village,2017,48153880
5,3,85.73871604504397,547.0258805361518,BF Homes,2006,21053025
4,3,88.54621231839374,355.84668363476504,Bel-Air,1992,32217292
4,3,452.3858935988532,220.4455266997238,BF Homes,2005,29213826
4,1,136.3402961234343,666.6019272025629,Ayala Alabang,2019,47590963
5,4,195.51720295198433,148.89883134061344,Dasmarinas Village,2018,65323851
4,2,151.9953810021446,773.78071071358,Ayala Alabang,2004,73942398
6,1,209.7483376243718,385.828115735005,Ayala Alabang,2014,54327944
5,3,81.24072923574201,100.1212237040368,Loyola Grand Villas,2012,17275213
4,1,283.57690590872164,560.0162253135068,Forbes Park,2014,106128479
6,3,80.4256536164967,142.1667176748428,Loyola Grand Villas,1996,15847995
3,3,410.1604285200627,348.5526020388095,Dasmarinas Village,2011,112078322
4,1,155.17043685969486,736.2788387101446,Ayala Alabang,2006,56332870
5,4,293.00536157202976,156.42065945967929,Bel-Air,2007,44214606
2,3,446.0355894026562,855.404643120402,Ayala Alabang,1999,76216520
4,4,342.89481607123736,103.4379303927248,Bel-Air,1999,37572003
2,2,289.8310039481009,322.141482281712,Loyola Grand Villas,1996,35252881
6,3,195.95018890191903,766.8136505368643,Loyola Grand Villas,2016,40449898
3,4,199.85086087618907,384.6431347563761,Forbes Park,2022,94290080
1,4,351.26912983918555,191.70314925941216,Ayala Alabang,1990,50939220
3,2,497.3627125495254,424.21052692038506,BF Homes,2023,24850270
4,4,347.8276354322204,343.353957746073,Loyola Grand Villas,1993,40750763
2,4,301.0025378165112,858.4407119444994,Loyola Grand Villas,2006,44220012
2,2,378.79272960766076,382.0131258266288,Forbes Park,1993,110699219
5,3,259.34252552767316,810.0392245984065,Bel-Air,2015,63486813
2,4,77.06405417035334,902.6849303296613,Forbes Park,1993,84789523
5,4,303.0335671450594,490.4356776188766,Ayala Alabang,1990,67534244
6,4,480.9313780274211,918.9488294689528,Dasmarinas Village,1996,188864347
1,1,128.88632406094683,439.58624856687356,Dasmarinas Village,2019,62613460
4,2,360.5022008692996,967.6705748410974,Bel-Air,1998,74394933
5,1,140.4201598965754,180.36057207301565,Loyola Grand Villas,1997,23360583
1,2,291.12245801288657,718.3173398529185,Bel-Air,2013,57711805
2,3,93.50440234102382,544.4326364112358,Loyola Grand Villas,2008,27329819
2,3,252.6669213161833,448.8839249100823,Loyola Grand Villas,2016,29205108
1,4,390.2734980028607,669.4406908737408,Dasmarinas Village,2021,117202293
2,2,206.40718590754193,733.4713824708981,Bel-Air,2003,57368542
6,3,349.2102760192481,103.92694268527818,Forbes Park,2007,82178585
6,2,407.95248235537815,250.25777987247884,Loyola Grand Villas,2017,44402895
1,3,467.2300187657537,741.7414455708869,BF Homes,2018,33937518
5,1,155.5889368349541,699.7468722203859,BF Homes,2005,21829847
5,3,229.69216211418868,969.4427546158095,Forbes Park,2020,147546465
1,1,118.58720599868785,784.9340112257047,BF Homes,1993,21133946
5,3,496.6175759712688,955.6954369582043,Ayala Alabang,2006,111793378
5,4,467.15043556593287,732.2864513813263,Loyola Grand Villas,2015,53645662
6,1,292.98070862625184,368.24698777549884,Forbes Park,1993,97478941
5,3,428.9149824693896,194.82843002577084,Bel-Air,2019,55589309
3,4,284.431089772419,803.641477010442,Loyola Grand Villas,2019,46841692
4,1,330.6135596012419,679.7342993283244,Forbes Park,2011,97712229
2,4,90.10599445220748,143.3674111539666,Dasmarinas Village,2000,36173482
3,2,389.8716892235636,424.0454193108805,Bel-Air,1991,60540275
5,2,107.47106763585566,961.1198339358575,Dasmarinas Village,2001,100981973
6,1,421.7304336136378,550.361031139181,Loyola Grand Villas,2019,44702583
1,3,401.91263945167367,489.4562224177342,Bel-Air,2007,49254448
5,1,368.9351139843394,511.92964464336455,BF Homes,2015,25205451
6,4,66.27217123614295,287.99445160464734,Forbes Park,1996,49895998
4,3,186.40776017539787,431.8364537783157,Loyola Grand Villas,1990,30236235
5,2,168.4006564598793,432.83193038845894,Ayala Alabang,2015,46945287
1,3,212.0613833621836,147.11951816872516,Bel-Air,2012,27029401
6,2,89.43923604372733,790.8108656661265,Bel-Air,2015,50020257
6,3,471.6310203639783,474.8539887134911,Loyola Grand Villas,1995,50689281
6,3,299.21100832056936,839.961898134781,Loyola Grand Villas,1995,59808561
4,3,187.48593979611059,865.3132010079058,Dasmarinas Village,1997,89778166
5,4,228.64168268342755,290.79464922879225,BF Homes,2013,22659574
4,4,251.24114322717605,691.6181339531157,Dasmarinas Village,2011,114122207
2,1,320.2674500122778,525.0536237466836,Dasmarinas Village,2008,86240587
2,1,282.055742463424,892.1410641293365,BF Homes,2007,30785760
5,2,463.7263879464878,294.1666112588087,Ayala Alabang,2020,67056952
4,4,273.6335673076236,710.0318802790398,Dasmarinas Village,2019,110278090
1,2,496.4711066704907,646.9769100274503,Dasmarinas Village,2022,143455035
6,1,433.1412309852931,365.7713298146495,Bel-Air,1999,63052468
6,2,143.8297314608011,222.94081328605535,BF Homes,2001,16720041
5,1,468.7678465897623,686.4757844295489,Forbes Park,2019,139526913
2,4,102.36487904846425,764.7377123190976,Ayala Alabang,2016,47881773
2,3,417.85236882103624,384.064609387015,Ayala Alabang,1998,65201438
6,4,221.28048206446104,680.3493436200824,BF Homes,2010,30988944
5,2,445.0884442002813,455.61781685035294,Loyola Grand Villas,2001,38565330
4,2,440.6255105483527,741.8861949543559,Loyola Grand Villas,2018,46607192
2,4,412.6664300529295,279.2937474046478,Bel-Air,2022,52579124
4,4,405.5136963381776,901.193502372557,Bel-Air,2004,69605932
2,1,187.10561259411836,358.66863681902174,BF Homes,1991,15792514
2,2,86.41367737306348,431.0073889805376,Bel-Air,2007,30303375
3,2,231.34108044432264,152.2827568723148,Ayala Alabang,1992,34514581
2,4,128.0860317439289,200.36099108914874,Ayala Alabang,1996,29915359
1,3,362.72799000610775,564.2757124410953,Forbes Park,2007,121729953
5,2,205.7448769420035,340.83340905517434,Loyola Grand Villas,2022,25636935
5,3,489.0245903869617,851.932203167975,BF Homes,2020,33120906
4,4,338.4374348053994,113.22404978945846,Dasmarinas Village,2000,71897389
2,4,420.11625363546244,441.18464380474256,Loyola Grand Villas,1993,45244060
1,1,109.63610273383179,403.6109920921834,Dasmarinas Village,2007,53568544
4,2,437.90651702268013,117.39486782584093,Forbes Park,1993,92961364
3,3,465.2407357310274,211.9315591004592,Forbes Park,2023,108158637
4,1,269.1778634685212,472.27840742677176,Bel-Air,2018,40156126
4,2,322.81382198793983,543.578126002702,Forbes Park,2013,117740556
2,1,394.16441040634794,463.8607725293822,Forbes Park,2011,114647887
3,4,128.67738226718564,577.8439105708844,Dasmarinas Village,1991,74352709
4,2,276.1547344085491,635.6185074151134,Bel-Air,1995,61685234
1,1,229.3983624975409,108.93143901505206,Forbes Park,2014,50200283
1,1,115.8682964730121,517.6856435081535,Loyola Grand Villas,2010,28125122
5,3,215.39049003118916,967.1493167988294,Forbes Park,2005,133881690
3,1,80.67753922347211,567.1290521165938,Bel-Air,2020,35579030
3,2,61.61535812726915,709.7880407130579,BF Homes,2003,19874760
5,2,110.82483011967025,380.67747212519487,Bel-Air,2017,34958223
4,3,483.4018002151282,796.5922403374863,Dasmarinas Village,2021,158294875
3,2,297.28829115275767,795.6293336885036,BF Homes,2017,26719730
1,4,484.619972518949,569.166442888725,Loyola Grand Villas,1998,44521860
1,2,244.62404524855938,978.4124409512922,Ayala Alabang,2011,83152719
2,2,190.3172598883668,212.99519328638803,Bel-Air,2021,29399405
3,1,277.7638382781098,115.2528984006229,Dasmarinas Village,1994,67995006
4,1,247.78025988480957,793.1423905813864,Loyola Grand Villas,2012,49763525
5,2,97.54910791778477,826.4399836283943,BF Homes,1994,23522980
5,3,338.3718416105928,208.1865062085186,Loyola Grand Villas,2021,35903386
4,1,147.21718212931984,339.02454966274547,Bel-Air,1999,30523927
6,3,328.8145797040233,115.79712702996602,Forbes Park,2004,94111414
2,2,342.590491579169,363.9777497025082,Bel-Air,1996,49307536
5,2,118.41118390789165,795.8276865268043,Ayala Alabang,2018,64691174
3,4,77.60733219980068,566.164474941321,Bel-Air,1992,36296787
2,1,401.3427137307979,413.28603385145925,BF Homes,2008,21554003
3,2,256.9101906961941,434.5653654156973,BF Homes,1999,23097642
1,4,76.1737079774641,101.21826314392133,Bel-Air,2017,14888034
2,1,497.6898427263952,369.82047480871233,BF Homes,2018,27628087
5,2,76.001252448365,681.8128674741374,Forbes Park,2004,96321956
2,2,362.76585298634893,976.7749994347214,Loyola Grand Villas,1995,53448636
2,1,492.6555163685361,862.3547442855096,Bel-Air,2001,92644421
2,1,157.63104689716653,121.23546818097621,Forbes Park,2002,54284679
6,1,114.01221590923828,908.7045442073554,Loyola Grand Villas,2018,37600939
2,2,104.62322274009301,804.8785719687634,Loyola Grand Villas,2008,33953862
3,2,186.473816405418,802.3385112138824,Forbes Park,1992,108131794
1,4,95.47061495479102,512.1961831032143,Dasmarinas Village,1997,53968159
4,3,361.47260376235937,458.20476365905256,Bel-Air,1997,51225814
2,1,78.03130915852822,372.62415594987334,Loyola Grand Villas,2009,19080990
5,2,279.2399576674054,159.1253730589292,Loyola Grand Villas,1993,22740845
2,2,498.51358423383954,305.4118271443292,BF Homes,2010,27895762
5,1,416.2866212777085,321.94327148022217,Loyola Grand Villas,1992,38820342
3,3,326.8487472039549,535.6693627391815,Forbes Park,1997,92599513
5,1,187.81412935397526,772.6999659370246,Loyola Grand Villas,2012,41247358
4,3,330.7531263312373,526.4288455581519,Dasmarinas Village,2005,109554388
1,2,287.16865876024326,152.06000450244454,Bel-Air,2002,35784290
5,3,241.73752275066715,962.0108208893835,Bel-Air,1992,65511593
5,4,108.81966953308977,948.451887184701,Loyola Grand Villas,1998,44213406
1,2,448.97189685821,806.6705888335675,Ayala Alabang,2003,91858062
4,4,252.40309196959512,992.1951114077985,Ayala Alabang,2002,85515433
2,1,137.58013031934428,590.0340995202366,Forbes Park,1996,74678092
5,1,215.49170789478032,966.4915152278854,Ayala Alabang,2004,79424118
1,1,236.35838863801717,168.0445365550757,Forbes Park,1996,69475904
3,3,422.39205300509343,429.11267343523417,BF Homes,2023,26527042
1,2,380.1264712526309,302.8431412060893,Forbes Park,2011,115211345
3,1,396.1872021386029,276.249775720843,Ayala Alabang,2013,56361210
4,1,54.96406899289124,226.72265400340848,Loyola Grand Villas,1990,16884110
2,2,237.2692991808927,660.172277409397,BF Homes,1999,23080743
1,1,266.60486823589565,803.1896701725746,Ayala Alabang,2005,70068226
6,4,58.63652457037551,620.4685594783246,Forbes Park,1997,71289912
5,2,166.9159439352654,232.26643862938872,Dasmarinas Village,2014,57821956
4,2,392.1304204049608,830.0113929401239,Bel-Air,2001,64168090
1,2,111.69936757804957,672.3592364473557,Ayala Alabang,2014,50280510
5,4,290.88955915366626,449.349135514296,Forbes Park,2006,116359314
1,2,146.8408424077569,706.7172659824566,BF Homes,2015,23130770
3,4,55.45434858975197,333.9144813185495,Ayala Alabang,2003,26025642
1,2,158.54065591979366,410.67298764478943,Ayala Alabang,2012,50635630
6,3,489.1431897095242,925.7372588187912,Bel-Air,1995,88694749
1,1,410.6917003473453,361.4540551042783,Forbes Park,1994,94737168
1,3,481.80948994446504,522.989441342143,Dasmarinas Village,2014,117463191
6,1,269.53431976686306,901.1270236564131,BF Homes,2007,32852324
4,4,99.38128940487658,736.9492152407747,Forbes Park,2002,89764741
1,3,296.58177003816184,155.98290354823249,BF Homes,2003,17912269
6,2,254.4698005519824,232.5727398510733,Ayala Alabang,2017,47120485
5,1,429.9606872328272,107.05743169472514,Bel-Air,2007,46310185
3,1,94.13716135291006,667.829611206247,Bel-Air,2017,38748708
3,3,269.7085116598002,502.9060828693765,Loyola Grand Villas,2016,30896120
1,4,117.52189911229291,220.847365812048,Dasmarinas Village,2021,48114248
4,3,196.10416710052698,962.1407089510934,Bel-Air,1998,66727704
4,4,381.81068482450985,576.6937515510579,Ayala Alabang,2021,79822877
5,4,264.20815821594493,317.7039647016003,Dasmarinas Village,2009,89549076
1,1,219.1497283155962,550.5432140392368,Forbes Park,2017,91022687
3,3,227.51432535651588,711.658299461597,Bel-Air,2022,51834048
4,3,256.75104578269395,168.61529617620803,Dasmarinas Village,1993,73810440
1,4,403.2574447266756,347.2334335431028,Ayala Alabang,2023,54463778
4,3,451.4381100231055,826.2689417955943,Loyola Grand Villas,1992,50507569
6,2,479.90060892676775,513.6983833623951,BF Homes,2015,30037703
4,2,404.1065238148828,591.9194278290654,BF Homes,1997,34040574
3,3,191.93310308660574,489.53440198852235,Ayala Alabang,1995,57452952
2,3,359.660617738944,139.50994837870462,Ayala Alabang,2005,52800858
5,4,246.92140582492635,249.17480183814033,BF Homes,2013,22381150
5,2,164.60177992072303,500.9874748677018,Loyola Grand Villas,2019,28817050
3,2,428.39221074166517,288.266918867135,Dasmarinas Village,2002,99078448
4,1,67.29185703304626,144.98112579371087,BF Homes,1994,10064587
1,4,455.7928964609406,859.2846976466413,Ayala Alabang,2014,98477944
4,1,257.6648590811304,983.0732762477043,Bel-Air,2009,66168799
3,2,336.74066456372617,813.8285865970655,Forbes Park,2007,126965140
5,4,346.70926499260224,868.4064295342004,Loyola Grand Villas,2007,55265217
4,3,452.80298331794137,317.77941728534086,Loyola Grand Villas,1991,45518296
5,4,336.5013569752433,964.5642779618797,Bel-Air,1999,70602145
1,3,326.2701131420278,277.2331340080856,Bel-Air,2001,43101637
5,3,79.99341825231048,956.286829325649,Ayala Alabang,2002,59400848
5,4,283.2836098753418,995.3373645693559,BF Homes,2000,26222489
2,3,117.57605036766874,740.5505251714438,Dasmarinas Village,2008,85081959
2,1,381.84519592466853,983.0293586126397,Loyola Grand Villas,2015,56334807
6,2,280.4998643657035,612.5858016103933,Loyola Grand Villas,2003,42861378
2,3,356.102500643759,333.5876048584813,Bel-Air,2013,39420760
5,1,68.75280527107292,493.2962970990588,BF Homes,1990,16513975
3,3,88.15640722061144,634.2048418409073,Loyola Grand Villas,2011,23192418
5,2,372.345524628207,165.7734058243135,Dasmarinas Village,2012,95967497
3,1,82.43795119940302,660.1089381555215,Bel-Air,2008,36045260
3,2,82.06552749436636,983.0600530860651,Dasmarinas Village,2007,107922887
2,2,55.448813855699356,271.0968848053549,BF Homes,2001,12254887
4,1,480.42562923476606,813.335604659545,Loyola Grand Villas,2017,50631886
1,1,381.8787617565531,917.1089144016574,Forbes Park,2017,124198632
2,1,208.96313382592888,949.3314335381988,Loyola Grand Villas,2022,44357503
2,4,183.44101157944485,964.1220439649024,BF Homes,2008,26549696
4,1,207.3664533856323,569.3136748493248,Loyola Grand Villas,2017,34660874
1,1,398.59408903153184,979.5771171923533,Loyola Grand Villas,2015,50453065
5,1,347.6167749816865,781.579186420995,Ayala Alabang,2023,66454736
6,1,133.33800554036057,245.5042926132657,Loyola Grand Villas,2005,18156516
6,3,128.34920090033796,529.210095821173,Loyola Grand Villas,2002,32561281
5,4,94.27804237102879,746.4980578348036,Dasmarinas Village,2012,83781422
2,2,347.1362238656022,322.60628423717503,Forbes Park,2011,89052153
1,1,393.9676979997812,676.5536651939987,Dasmarinas Village,2005,119208623
2,3,169.27089274625183,699.9404311419573,Dasmarinas Village,2017,97932483
3,3,59.42523246391077,246.4297694277093,Bel-Air,1997,24024877
2,3,86.9772503643923,608.5767812074807,Ayala Alabang,2011,45316026
2,2,485.5370156802637,794.4642198807469,Dasmarinas Village,2010,142144459
5,1,182.95014986483912,549.0060980823478,BF Homes,2015,19212076
5,4,396.15041652716013,110.89280509849668,BF Homes,2010,23612912
5,4,331.0986059844187,108.13462217136296,Loyola Grand Villas,2014,32773059
6,3,221.87283784380315,421.32640957301095,Bel-Air,1990,50400223
3,2,142.55926798799982,933.5746615886038,Ayala Alabang,1995,54137605
5,2,104.62388817173289,305.8091016432479,Ayala Alabang,2012,35548050
1,2,326.75583561749,670.9273199845185,Loyola Grand Villas,2012,37709125
6,4,398.58520128700457,299.86828362398853,BF Homes,2012,27458255
4,3,339.7569140935088,389.50299069359374,Forbes Park,2021,109708515
1,1,288.6359599621212,863.2378806413356,Bel-Air,2019,70151912
1,4,68.87805054423632,755.9752980429522,Loyola Grand Villas,2002,29266712
5,3,485.8199499174727,185.85934958188955,Bel-Air,2007,54074724
4,3,409.42138624455856,485.83181888779023,BF Homes,2012,32740055
4,1,181.76991651543412,126.25278728073802,BF Homes,2004,14390771
6,1,490.9866482114828,532.801131942708,Forbes Park,2022,157868904
4,1,320.84671533634497,696.1906105309613,Forbes Park,2010,125359202
3,2,312.0901961932609,206.6523612383364,Ayala Alabang,2012,43938053
5,1,386.6329307432894,359.9964450182491,Bel-Air,2016,47232142
4,3,415.2964046405619,458.05296295194125,Bel-Air,2007,51176052
6,1,345.41537329917617,927.5779221904447,BF Homes,2013,37841067
3,3,107.64308586479001,993.9295138806676,Ayala Alabang,1996,75651368
2,4,202.22037769752427,140.42016909605428,Loyola Grand Villas,2009,26390004
2,2,467.6376381467224,784.9071311458529,Bel-Air,2016,79704241
3,4,151.07702532973337,434.5516597621089,Ayala Alabang,1995,52746373
6,4,217.475160726881,453.21236760653204,Ayala Alabang,2016,55170320
3,3,244.4345973248882,778.8384760123204,BF Homes,1998,24849355
5,4,247.73224536250348,926.5837889308677,Ayala Alabang,2020,87985650
5,3,325.8228121225365,955.8357350522936,Forbes Park,2010,153724445
2,1,474.3841269851184,619.4103274344887,Forbes Park,2015,135554366
4,1,158.31172032462723,421.40904337045254,Dasmarinas Village,2002,71846532
6,3,104.67561933541313,808.7941772729014,BF Homes,2012,26227722
2,1,138.86172043697178,325.90124493607027,Loyola Grand Villas,2009,25092801
4,2,449.1162050941713,607.666625950166,Dasmarinas Village,2017,138192098
4,4,340.6148656948427,422.72061537238585,Forbes Park,2006,114717190
5,2,178.65805515762207,690.9679663370885,Dasmarinas Village,2017,101635124
1,4,417.17612253587777,316.35902160415617,BF Homes,1991,26445814
1,1,437.6164983635462,272.43365116134316,BF Homes,2014,22910362
3,2,430.9314524106251,926.4151780078934,Ayala Alabang,1995,99791354
5,1,463.5169401377995,191.62331465458323,Bel-Air,2000,46426393
4,4,163.50845907801272,555.3621169614385,Ayala Alabang,1995,61135820
6,3,389.76886793582526,298.767504666708,BF Homes,2000,23325263
1,3,257.242773773363,135.0369669931007,Forbes Park,2003,67592321
4,2,428.8993488005277,132.41693646228376,Loyola Grand Villas,1991,32056446
1,1,377.82080472272594,257.6995948952446,Forbes Park,1992,94981123
1,1,399.4013509248761,880.0933190554002,Ayala Alabang,2022,83665517
1,2,345.27282695648216,354.230869579324,Loyola Grand Villas,2013,28400450
6,3,129.8429462613681,955.4132535177662,BF Homes,2008,30169785
5,4,295.26211350362223,623.4600636902742,Forbes Park,2007,112639847
6,2,493.1013827860287,492.95277079188946,BF Homes,2013,36282965
2,4,471.8246299237035,622.0799512025092,Loyola Grand Villas,1990,49841295
4,3,69.42818110865525,565.028546703641,Loyola Grand Villas,2014,28925147
5,1,124.1666670782467,782.8986283815926,Forbes Park,2023,91638163
5,3,109.27794805455287,354.24645937556704,BF Homes,2014,15800927
5,2,376.690959493383,417.74535244027214,Dasmarinas Village,2005,97322926
5,1,418.0033984356253,904.6848722799257,BF Homes,2023,40270169
6,2,146.08011483980238,951.8108618353649,Loyola Grand Villas,2018,50991858
5,2,277.63371182832304,903.302404737827,BF Homes,2008,29767573
3,3,428.31636260504,477.50319456158223,Ayala Alabang,2012,81122533
4,2,379.76069514481276,802.3289527061935,Dasmarinas Village,2008,98759863
5,3,294.00674247133173,528.702159970989,Bel-Air,2014,48763793
4,1,315.6564607064478,547.7858669314919,Ayala Alabang,2005,59635395
3,3,278.762246112326,284.21209815155555,Bel-Air,1998,36808152
3,1,183.89680309346926,632.0172729326648,Forbes Park,1990,79102331
4,3,304.25989678655725,267.52230797801315,Bel-Air,2008,46964269
1,4,359.9983859225408,398.4082291604744,BF Homes,2022,24045298
2,4,442.99531213736344,869.5271814579417,Bel-Air,2023,79227991
1,2,336.33110929066163,286.3682282897697,Loyola Grand Villas,2005,33647003
1,3,392.5046916694211,164.04245665608954,Ayala Alabang,2007,54312641
6,3,122.03223572955785,162.10683335153468,Ayala Alabang,2023,38344189
1,1,257.70086348890544,946.7060684527971,Bel-Air,2014,61399130
5,2,54.199228922191985,556.2283941656511,Ayala Alabang,1995,39842023
6,3,161.00548903473037,468.4708646353165,Loyola Grand Villas,2010,35344102
6,2,376.9077718008522,829.7907229071266,Ayala Alabang,1995,82874426
3,4,496.3144781072136,852.2433351194644,Bel-Air,2021,73360676
1,3,94.63014481424716,398.9719298040441,Dasmarinas Village,2020,54027025
3,3,230.6724421375797,724.2562517264157,Dasmarinas Village,1999,90715660
4,2,410.0319359146218,794.010534266698,Forbes Park,2019,138042262
2,3,141.81603558300446,689.185618179359,Ayala Alabang,2007,57385496
6,2,299.78822718602885,236.43556732008943,Bel-Air,2013,46930196
4,3,379.88208321335367,888.2947751653513,Ayala Alabang,1998,80884296
4,1,327.19345261708054,585.1850974624078,BF Homes,2020,26132457
5,2,134.61113057693726,354.2251837330033,Loyola Grand Villas,2004,28807752
2,3,209.92305590858274,482.7053668939245,Ayala Alabang,1993,54911724
4,4,402.70630301842874,133.81398135901665,Ayala Alabang,1998,69872601
4,3,299.4019313594075,215.0801211001758,Dasmarinas Village,1998,86072641
2,4,52.35332609431073,788.9920754642748,Loyola Grand Villas,2015,35316115
2,4,392.44584201264223,100.01047127982953,Bel-Air,1993,37621089
4,1,65.89010972310759,474.909245634063,Ayala Alabang,2006,43271822
2,2,385.58020222905446,570.2591629770295,Dasmarinas Village,2005,106178927
4,3,141.11625207435685,149.17097800087507,Forbes Park,2004,53722639
4,1,481.1330660537211,975.7703466750995,Loyola Grand Villas,1994,61076202
5,3,215.57333808593802,303.5127981247048,Dasmarinas Village,1994,80873636
1,4,197.1192273521356,373.7788476726528,Dasmarinas Village,2009,71921421
4,2,116.9996226496001,373.5482610295246,Dasmarinas Village,2004,56288442
3,3,187.52189697059669,307.3749959056149,Ayala Alabang,2007,47168896
6,3,444.49284282269025,101.32643987768027,Ayala Alabang,1991,58294167
1,4,498.3504519322613,756.4103146791967,Forbes Park,2018,153233227
1,3,215.73928872808176,970.1609498193568,BF Homes,2002,28420407
1,3,251.87478392954415,301.8641349565405,BF Homes,1993,18174370
5,4,374.93192219123165,696.7424726230802,BF Homes,1999,35398237
4,1,448.7881012092835,767.7066942628436,Loyola Grand Villas,2020,47220542
5,4,316.86995038405286,863.5828411814723,Loyola Grand Villas,1997,60547463
4,1,226.1865641800232,480.3662773122482,Forbes Park,1992,74800629
5,2,235.6798283818807,372.6378150763863,Loyola Grand Villas,1998,30057311
5,1,363.0281659235631,392.765620620728,BF Homes,2019,26857599
6,1,51.448218621925406,741.3591997886615,BF Homes,2000,22816184
3,2,328.8152018569283,835.1015198550724,Dasmarinas Village,2002,118011639
5,1,209.97185469861083,263.45257098094237,Loyola Grand Villas,2002,26936218
6,4,407.38879907468794,433.8469073419887,Ayala Alabang,2001,77858528
2,1,91.84578792040946,911.746177074235,Ayala Alabang,1999,57826890
3,2,314.69102012677575,826.0241677252653,Dasmarinas Village,1998,132946939
5,4,266.4378004487557,986.3725624862283,Dasmarinas Village,1996,138959643
1,2,339.0464866573523,778.8234337138726,Dasmarinas Village,1991,122092964
2,2,79.18411751733575,453.87568092513004,Ayala Alabang,2012,34645670
2,3,310.99270434265907,631.574050595174,BF Homes,2010,27027783
6,3,302.66806458178564,694.9128288225883,Dasmarinas Village,2012,110881973
2,2,302.29704248727694,170.61023468541157,Forbes Park,2018,68483642
3,2,321.5694499684047,590.0472631934786,Dasmarinas Village,2003,105352577
5,2,354.410571751863,738.3887456253486,Bel-Air,2015,63417049
5,3,412.2450498563464,250.58917360095435,Dasmarinas Village,1994,103216606
1,3,171.41932405769646,802.5685456830014,Ayala Alabang,2020,55135605
6,1,421.27223458102793,625.3955024627005,Loyola Grand Villas,2014,57627654
1,1,274.21505701855415,956.9996071278351,Dasmarinas Village,2020,103978907
2,2,84.67622561044902,138.18006838620252,Loyola Grand Villas,2009,15107580
1,4,76.34791815979064,338.7935237999203,Bel-Air,2006,29872784
3,4,200.40724341322735,641.3984913698416,Forbes Park,1991,95864501
5,3,403.2036397001604,366.9039209853376,Loyola Grand Villas,2014,44928571
2,3,368.4564206334121,742.981747664118,BF Homes,2002,27468532
1,3,404.8767341025829,783.1047542697379,Dasmarinas Village,2017,140652539
6,2,282.7710753987242,192.264367659827,Bel-Air,1995,42477762
3,4,248.08954907997074,562.469017786091,Bel-Air,1992,48380809
3,1,116.35363701782778,558.0015000319503,Loyola Grand Villas,2007,27345769
1,2,197.6867391241902,432.35269319398697,Forbes Park,2000,83855015
5,1,245.30871477824388,939.6323763127049,Ayala Alabang,2009,74157998
1,1,89.87019335582775,844.7556878858991,Dasmarinas Village,1994,75627224
2,2,149.27537872004507,727.4884437186731,Bel-Air,2008,46424692
1,1,319.2013823286825,742.8939721614978,Forbes Park,2011,103756503
3,4,381.0484014076354,515.5445294318072,BF Homes,2008,33851134
1,1,499.2563801268273,928.8950689869183,Bel-Air,2005,74787542
5,4,469.90099910460094,725.1358845279568,Forbes Park,2013,166124876
6,4,339.1543397908362,756.0829554902348,Ayala Alabang,1993,84889317
4,4,239.5616239823324,875.5218134086107,Ayala Alabang,2004,69021530
1,3,336.27981411870473,346.6644304079719,Bel-Air,2014,46693081
5,1,403.5432281361044,826.3638134800327,Bel-Air,2003,78997549
5,2,103.25128591552429,275.71654266084283,Loyola Grand Villas,2008,21781977
6,2,234.45720036332972,410.80775702039904,Dasmarinas Village,1996,94672743
3,1,427.91102853602774,402.04940884285844,Forbes Park,2019,124918252
5,3,222.7248283698698,980.6729215502265,Bel-Air,2008,73134451
5,3,307.34252205223396,870.8835013731342,Dasmarinas Village,2014,118849662
5,4,314.4962123879892,731.0528754312338,Loyola Grand Villas,2005,41907991
5,1,133.01431391013773,754.351085453851,Dasmarinas Village,1997,84924158
2,1,213.00594874352979,605.8655149623139,Bel-Air,2007,47866663
2,2,200.53007993386947,952.3816003976672,Ayala Alabang,2017,75618436
3,1,61.78851883942916,546.6328775941254,Forbes Park,2005,54224192
1,3,60.88629375110986,442.46593888290505,Forbes Park,2008,59269763
5,1,424.26366965409807,246.7318032384319,Ayala Alabang,2006,64693478
6,2,172.8818644877656,807.5850870349522,Bel-Air,2002,55661623
1,4,283.1354448074669,760.9995388680323,Forbes Park,1996,133288160
6,2,184.42650811494786,445.9195346717214,Bel-Air,2016,46433168
1,2,473.30566030190323,122.67407256330642,Loyola Grand Villas,1999,38964409
3,4,166.68354148959818,855.0975949462096,Bel-Air,2023,55101191
5,2,243.34556573252078,110.27618510866627,Dasmarinas Village,2014,69174397
5,2,442.72861271807085,733.3298016661458,Ayala Alabang,1995,102557777
4,1,428.8701050563139,973.2313987534513,Bel-Air,2013,89827781
6,1,133.7456380308248,493.8951953333831,Loyola Grand Villas,2007,26810368
1,4,411.1894894080697,311.4760644963575,BF Homes,2012,24219021
1,1,256.1840990320517,734.3839090390435,Ayala Alabang,1995,62277399
2,1,267.33599243840985,835.4153278140267,Forbes Park,2018,125091229
4,2,110.0659875871747,591.7872844700626,Dasmarinas Village,2014,80686831
2,3,86.27068119070609,970.3317477305316,Forbes Park,2006,96389033
2,1,377.57268813819434,146.50184949216498,Loyola Grand Villas,2013,30489920
2,3,273.4075185598849,554.3160384740753,Loyola Grand Villas,2000,29327197
6,1,246.5828161768308,746.6085525902951,Forbes Park,2015,136711864
6,1,378.27870289357855,876.376424034261,Ayala Alabang,2023,84802317
3,4,394.4808045459994,261.33005071701103,Forbes Park,2017,102843205
3,4,121.5086754512091,820.0031335873133,Bel-Air,1992,50015064
2,4,324.6013172649386,597.4363681466907,Forbes Park,2000,127619703
4,3,110.90933702495849,456.8983137909669,Dasmarinas Village,2003,48607114
1,2,388.11878871307056,218.5435257211842,Dasmarinas Village,2015,80963018
6,1,345.6298203202128,878.7661830180211,BF Homes,2010,34254115
4,1,480.4765794875561,241.5458873617438,Dasmarinas Village,2019,95958792
5,1,81.03110736038953,378.8090732881893,Forbes Park,1997,75710788
6,3,75.67462451806445,361.0409787661932,Dasmarinas Village,2009,55711532
6,4,176.98418361194007,884.2726307717688,Ayala Alabang,2021,80056899
3,2,167.76755768115768,705.4326947880082,Dasmarinas Village,2011,91875835
1,3,161.1404595823999,817.0132574722351,Bel-Air,1996,57685478
1,4,457.8145612344665,325.4211089132491,Ayala Alabang,1998,62480612
5,3,162.29578993227773,662.386689646299,BF Homes,1990,22468481
5,2,172.37737675788395,614.5713848293739,Bel-Air,2018,54065301
6,4,391.72921808808366,849.547339109444,Forbes Park,1997,160003070
2,3,252.382929102743,915.4783544331344,Forbes Park,1993,106549275
3,2,399.51975062983155,110.94109432964812,Forbes Park,1992,83962291
3,1,79.41477090397336,706.6179271529134,Bel-Air,1996,43575320
6,2,269.40703715302294,146.6522192077561,Bel-Air,2016,43031327
4,1,65.12612008247719,593.9727985696204,Bel-Air,1990,35333581
2,3,78.19394155490954,358.8694561393104,Ayala Alabang,2016,24719737
6,4,457.8968540049849,376.0989395699271,Loyola Grand Villas,2005,48450078
2,4,112.66041700291782,417.66265310712095,Ayala Alabang,1996,36465745
2,3,289.5893070238477,659.1632041446491,Forbes Park,2012,89705663
2,4,234.99302117031795,400.6449691018923,Loyola Grand Villas,2000,22267839
6,4,206.3044968164792,759.4291455312524,Dasmarinas Village,2022,115723193
3,1,454.9250055592726,464.07464701648274,Forbes Park,2006,123614052
3,3,59.82052854897027,161.51788027896276,BF Homes,1994,10107512
2,2,348.7053587790151,805.3838582356965,Ayala Alabang,2021,89319284
4,1,483.52749539609766,357.1824921334354,Bel-Air,1992,64258914
1,3,302.0756825578289,489.4901916393364,Ayala Alabang,2003,69016934
6,1,471.5701079148913,716.8994948997114,Bel-Air,2020,64986128
1,2,73.5160456787107,399.21054143384083,Loyola Grand Villas,2020,20258314
4,2,238.45699358337262,150.92709053204408,BF Homes,2006,14101643
6,3,167.07100593292301,436.5289423115322,Loyola Grand Villas,2013,30707210
2,2,378.8694342413284,950.0037244248731,BF Homes,2012,34187735
3,1,491.583690723761,677.5609575687024,Ayala Alabang,2007,91529972
1,2,165.4385280999115,704.3312338004862,Bel-Air,2003,46782503
5,1,344.3785706633335,669.0539382738758,Loyola Grand Villas,2004,48124989
5,1,139.14393474188307,279.0929250634931,BF Homes,2004,16903787
4,2,304.39861455722445,476.50047769205213,Forbes Park,1995,126894207
2,3,258.7696190097513,775.8458185269865,Forbes Park,2016,112830550
1,4,487.4023983341917,191.23560779784322,Loyola Grand Villas,2004,34553739
2,2,323.83727271340996,350.06749848074105,Bel-Air,1997,47557531
1,1,207.27786743906844,348.68719761926826,Loyola Grand Villas,2004,23589906
4,1,101.34310319957001,488.8170348350554,Ayala Alabang,1992,50540888
4,2,118.06107293072056,982.3318668479666,BF Homes,2002,26674677
5,3,151.3926184780558,160.75229201543976,Ayala Alabang,2023,34963208
2,3,162.9349976031341,566.8308949425355,Forbes Park,2013,82377921
6,1,432.777226028512,261.4282138109894,BF Homes,2021,28559960
5,1,302.55025472713623,973.6088908687697,Loyola Grand Villas,2021,50456461
2,3,285.52591011846494,201.97315425471777,Ayala Alabang,2019,43503263
5,4,101.64599234114786,463.2409021254321,Dasmarinas Village,2002,82405177
6,2,437.0628620072457,764.0964863511456,Bel-Air,1990,68974958
3,1,375.26643644381767,734.0989852247008,Bel-Air,2023,65405491
3,1,80.4507628550007,480.455773204539,Dasmarinas Village,2004,64331000
3,3,368.52579375339593,411.8717511574464,Forbes Park,2003,90523220
3,2,294.59219780419073,457.8511406975835,BF Homes,2018,24908057
1,3,86.77640558605022,337.84863684277536,Bel-Air,2023,24757274
3,2,256.2352886878954,284.7996448361198,Dasmarinas Village,2007,78211640
6,2,268.1133292085211,534.735727803001,Loyola Grand Villas,1996,35242032
4,2,124.59854307347409,341.68038046084655,Dasmarinas Village,2018,64781316
4,1,475.56416615012705,358.7154984075251,Forbes Park,2020,132979343
1,4,432.4889171662979,691.0804571271013,Forbes Park,2014,146851370
3,3,351.06005179809875,971.683598529903,Ayala Alabang,2003,90745850
3,4,258.0330024502732,643.2734805034376,Bel-Air,1997,53947865
3,3,235.29449371302883,169.28152035846966,Ayala Alabang,2016,39573546
5,2,342.9380602179294,168.02525246866028,Dasmarinas Village,1991,92443167
2,1,295.4443412331075,956.2808987610093,BF Homes,2006,29584024
5,4,78.02289764684852,367.56171127660025,BF Homes,2003,14578153
2,1,280.62619194664927,182.8602874742279,Forbes Park,2014,77119630
3,3,412.88162775477775,639.1401284353434,BF Homes,2019,29128626
3,1,256.65794491863113,661.2839004612395,BF Homes,2018,23260867
5,1,73.38045989942079,683.6543381068193,BF Homes,2009,17718134
5,4,403.8251897228149,340.6618250717872,Dasmarinas Village,2010,98179324
2,2,140.61370196118847,113.59961579302754,BF Homes,2011,11332368
4,1,166.37937569961747,968.5138325090247,Loyola Grand Villas,2005,43916599
2,2,124.11785904453315,325.80374112199223,BF Homes,2006,16046631
5,3,198.5967791921739,708.4236592472928,BF Homes,2005,27771125
6,1,390.53817755988575,735.9668828908386,Ayala Alabang,1991,82560432
5,4,283.7236367767718,649.0066753715371,Dasmarinas Village,1993,105624872
6,3,142.19657336782063,381.6166547922834,Forbes Park,2010,83503973
1,3,445.0235351684184,343.98662838765915,Ayala Alabang,2023,74096313
5,4,445.81183472818816,637.9014544324328,Bel-Air,2019,72511692
1,1,441.76029127070314,879.4860702505224,Dasmarinas Village,1995,125429048
4,1,157.4582951216927,952.060356031056,Loyola Grand Villas,2006,37783465
2,3,253.05770488144464,195.31522396338187,Dasmarinas Village,2014,55517681
6,1,493.2453452633938,239.34575133794786,Bel-Air,1994,63164440
2,2,397.4056143394957,950.2626329047716,Bel-Air,1994,78742757
1,4,62.22533955150192,762.8817055013133,Bel-Air,2009,44980200
6,2,79.34206606722142,894.6944423467958,Forbes Park,2005,105626693
2,1,258.7691195655498,282.3693707218089,BF Homes,1998,20941235
5,3,459.1490926377021,628.8272839984617,Dasmarinas Village,1994,122498864
3,4,292.4158090787214,731.0256349757262,BF Homes,1991,32126798
1,1,274.0156286154306,712.1006969022753,BF Homes,1998,25941479
2,1,97.46316498048375,467.3365217800283,Loyola Grand Villas,2011,22371938
1,3,345.5510471259323,113.85540252217763,Bel-Air,2011,40978163
1,3,419.9464222701015,624.6334511238368,Forbes Park,2011,132035275
6,2,221.18900337840304,327.79138526164786,Loyola Grand Villas,2023,31976711
6,4,399.02533291639736,505.2288215286013,Ayala Alabang,2018,77875433
3,4,484.0144942553652,961.8229135754356,Forbes Park,2022,167601383
5,3,141.6949066074601,459.13178587819124,BF Homes,2007,24585205
1,2,285.4983340376336,855.821445997984,Forbes Park,1996,137019847
2,4,179.212081138059,269.68654517432606,Bel-Air,1990,36515677
4,3,406.7844885652277,705.2144482225259,Ayala Alabang,2022,83973693
1,1,309.9170146465209,979.3062589950491,Bel-Air,1990,73712467
1,4,335.5620878976367,191.7037907856431,Ayala Alabang,2013,52513464
3,2,409.06137182715236,107.48794800447281,Loyola Grand Villas,1993,32456317
5,2,228.18671269810469,490.2245133693529,BF Homes,1993,22455745
4,2,461.79053078316946,183.36293474623048,Ayala Alabang,2007,63097744
6,1,289.862990260763,773.5459147086082,Ayala Alabang,2016,52449242
6,4,121.07967027590661,923.093797463703,Ayala Alabang,2021,72532423
2,4,363.1546031759611,490.61887543788293,Forbes Park,2022,106785504
4,1,406.9676076972145,332.84047793989686,Loyola Grand Villas,2017,44867045
6,4,192.542754680387,490.9629871059488,Forbes Park,1995,96890701
2,1,435.73066564943883,751.1030360650009,BF Homes,2005,29222823
5,1,457.7644646445949,108.14874542233389,Ayala Alabang,2023,60163892
2,1,174.60701932001402,630.5085905362274,Loyola Grand Villas,2012,29003862
6,2,492.58466272184995,651.9625163986411,Loyola Grand Villas,2013,56852336
3,4,113.32018762194129,673.919422206342,Dasmarinas Village,2002,84321744
3,1,140.9070507811205,317.8198719827895,BF Homes,2007,16824022
3,4,132.90117765711176,742.6474510403141,Loyola Grand Villas,2002,32865634
6,2,452.2953695035417,182.25233769859875,Ayala Alabang,2006,65931398
3,1,344.43164854623285,279.3433028201207,Ayala Alabang,2004,47465868
4,3,118.4469274500228,889.7230419890337,Loyola Grand Villas,2007,41991227
5,2,248.14553826575704,764.8508356539097,Forbes Park,2012,126316541
2,3,326.8841112814109,112.37099861021073,BF Homes,2019,19386282
2,4,87.55883824522249,323.53863433282015,Ayala Alabang,2023,35045206
6,4,447.0873657833024,292.96583469384814,Loyola Grand Villas,1993,45005144
3,2,411.6215909486908,343.72569523327536,Ayala Alabang,1992,75211898
3,4,277.3430481094872,322.8037932518978,Loyola Grand Villas,1996,31235585
1,3,485.2069768666267,156.27366616856116,BF Homes,2007,24698122
5,1,237.99244067379487,513.0464649371384,Loyola Grand Villas,1996,31505058
4,1,492.849643566424,759.4601273075486,Dasmarinas Village,1995,125240212
2,1,350.5639994616322,646.0585522456928,Loyola Grand Villas,2011,42727924
1,2,335.60207296427365,705.5845017382718,Loyola Grand Villas,1990,47472972
1,4,124.67970288310325,173.03426068261524,BF Homes,1993,11734444
6,3,446.8674912370898,956.3416391591085,Loyola Grand Villas,2018,59143073
2,4,242.3703595642768,854.6426504587223,BF Homes,2010,27962874
6,4,123.0050326021157,824.5812866460965,Dasmarinas Village,2015,94808530
4,4,55.67338398909157,840.6854245375907,BF Homes,2003,24066121
1,1,301.89005763727215,939.4394573194852,Ayala Alabang,1998,66189496
1,3,287.32982995520433,589.8285695023279,BF Homes,2001,28248361
5,3,373.70913006612136,280.2538160808633,Dasmarinas Village,1995,87434996
4,4,450.61612385801095,655.105247067287,Bel-Air,2009,76514351
1,1,85.73296308936328,768.5933443011451,Loyola Grand Villas,2013,26558061
4,1,379.1734206531631,764.1256540186229,BF Homes,2016,34742549
2,3,134.335374843912,569.304121750192,Loyola Grand Villas,1997,31637322
3,1,436.1796739207238,161.61284740022023,Forbes Park,1990,100257305
1,1,418.57858123774525,434.00164458711504,Ayala Alabang,2013,59078481
5,1,293.357189743495,928.6899476170216,Ayala Alabang,1996,84654292
2,2,369.6092593804902,626.0040187816834,Forbes Park,2008,106148676
4,4,191.4575509326868,584.498748930142,Forbes Park,2011,96064904
6,3,262.0255545197666,341.96816294397416,BF Homes,2019,25001856
2,3,419.73660396971223,431.604027924921,Forbes Park,2018,123979384
1,2,256.6693387279463,905.8114802378524,Bel-Air,2011,61060698
4,4,211.0092193964488,699.8167427741521,Loyola Grand Villas,2000,35784485
3,3,272.39560126263495,808.6483240770996,Loyola Grand Villas,2009,47333335
2,1,422.71216359674827,508.9108807608896,Dasmarinas Village,2018,106473586
1,3,200.84362131689272,667.2224975105421,Forbes Park,2023,74622134
5,1,128.1927169110847,323.5452478688868,Forbes Park,1990,72777145
6,2,370.40630914885134,734.9147472551376,Bel-Air,2020,69171746
4,1,421.6901957186368,484.8412003330036,Ayala Alabang,2019,81408181
2,3,95.28686533559,498.290963333271,Ayala Alabang,2007,38022225
2,3,157.9433507401751,684.3900921191935,Loyola Grand Villas,2006,23217952
3,3,113.88739539244725,942.652559322034,Loyola Grand Villas,2003,40624520
3,2,206.573635211975,157.60571194775883,BF Homes,2012,15636542
5,2,252.65794050743568,842.2689136123068,Bel-Air,2014,52585110
6,4,386.9718516334879,363.14479937097383,Dasmarinas Village,2004,94413136
5,3,343.0164131967534,499.52750905574004,Dasmarinas Village,2011,133069220
1,1,329.41785536529403,119.72199589750807,Bel-Air,1992,35089728
1,2,208.5687259743445,370.9414700508817,Dasmarinas Village,2008,72053375
5,3,428.65139888814196,552.3681183671174,Ayala Alabang,2023,74453649
